begin;

-- Habilita geração de UUIDs caso queira migrar PKs futuramente
CREATE EXTENSION IF NOT EXISTS "pgcrypto";

-- ============================================================
-- Tabela adm_planos
-- ============================================================
create table public.adm_planos (
  id serial not null,
  descricao text not null,
  valor_mes numeric(10, 2) not null,
  valor_ano numeric(10, 2) not null,
  vl_desconto numeric(10, 2) not null,
  dt_inclusao timestamp with time zone not null default now(),
  dt_alteracao timestamp with time zone null,
  ativo boolean not null default true,
  id_product_stripe text null,
  id_price_stripe text null,
  constraint adm_planos_pkey primary key (id),
  constraint adm_planos_valor_ano_check check ((valor_ano >= (0)::numeric)),
  constraint adm_planos_valor_mes_check check ((valor_mes >= (0)::numeric)),
  constraint adm_planos_vl_desconto_check check ((vl_desconto >= (0)::numeric))
) TABLESPACE pg_default;

-- ============================================================
-- Tabela sys_parametros
-- ============================================================
create table public.sys_parametros (
  id serial not null,
  chave text not null,
  valor text not null,
  descricao text null,
  created_at timestamp with time zone not null default now(),
  updated_at timestamp with time zone not null default now(),
  constraint parametros_pkey primary key (id),
  constraint parametros_chave_key unique (chave)
) TABLESPACE pg_default;

create index IF not exists idx_parametros_chave on public.sys_parametros using btree (chave) TABLESPACE pg_default;

INSERT INTO "public"."sys_parametros" ("id", "chave", "valor", "descricao", "created_at", "updated_at") VALUES (1, 'limite_tentativas_login', '5', 'Número máximo de tentativas de login antes do bloqueio', '2026-04-15 00:47:56.409738+00', '2026-04-15 00:47:56.409738+00'), (2, 'tempo_bloqueio_minutos', '30', 'Tempo de bloqueio da conta após exceder tentativas de login (em minutos)', '2026-04-15 00:48:09.17172+00', '2026-04-15 00:48:09.17172+00'), (3, 'tempo_sessao_horas', '4', 'Duração da sessão JWT em horas', '2026-04-15 00:48:20.421445+00', '2026-04-15 00:48:20.421445+00'), (4, 'BASE_URL', 'http://localhost:5173', 'Url da aplicação do sistema', '2026-04-15 00:48:48.32516+00', '2026-04-15 00:48:48.32516+00'), (5, 'NODE_ENV', 'dev', 'Modo do Ambiente', '2026-04-15 00:48:59.598689+00', '2026-04-15 00:48:59.598689+00'), (6, 'RATE_LIMIT_WINDOW_MS', '3600000', 'Quantidade máxima de tempo para limite de requisição', '2026-04-15 00:49:15.346934+00', '2026-04-15 00:49:15.346934+00'), (7, 'RATE_LIMIT_MAX_REQUESTS', '10', 'Quantidade Maxima de requisições', '2026-04-15 00:49:28.414957+00', '2026-04-15 00:49:28.414957+00'), (8, 'RATE_LIMIT_TOKEN_MAX', '3', 'Quantidade máxima de tokens', '2026-04-15 00:49:39.265217+00', '2026-04-15 00:49:39.265217+00'), (9, 'NOTIFICACAO_CRON', 'false', 'Ativar/desativar sistema de notificações automáticas (cron jobs)', '2026-04-15 00:49:50.180806+00', '2026-04-15 00:49:50.180806+00');

-- ============================================================
-- Tabela adm_formas_recebimento
-- ============================================================
create table public.adm_formas_recebimento (
  id serial not null,
  descricao text not null,
  criado_em timestamp with time zone not null default now(),
  atualizado_em timestamp with time zone null,
  constraint formas_recebimento_pkey primary key (id)
) TABLESPACE pg_default;

-- ============================================================
-- Tabela sys_modulo
-- ============================================================
create table public.sys_modulo (
  id bigint generated by default as identity not null,
  created_at timestamp with time zone not null default now(),
  modulo text null,
  constraint sys_funcionalidade_pkey primary key (id)
) TABLESPACE pg_default;

INSERT INTO "public"."sys_modulo" ("id", "created_at", "modulo") VALUES (1, '2026-04-14 19:34:19+00', 'Classificação NCM'), (2, '2026-04-14 19:34:51.759299+00', 'PERD/Comp'), (3, '2026-04-14 19:35:01.030177+00', 'Recuperação PIS/COFINS');

-- ============================================================
-- Tabela sys_funcionalidade
-- ============================================================
create table public.sys_funcionalidade (
  id bigint generated by default as identity not null,
  modulo_id bigint not null,
  funcionalidade text not null,
  created_at timestamp with time zone null default now(),
  constraint sys_funcionalidade_pkey1 primary key (id),
  constraint sys_funcionalidade_modulo_id_fkey foreign KEY (modulo_id) references sys_modulo (id)
) TABLESPACE pg_default;

INSERT INTO "public"."sys_funcionalidade" ("id", "modulo_id", "funcionalidade", "created_at") VALUES (1, 1, 'Consultar', '2026-04-14 19:35:57.448708+00'), (2, 1, 'Relatório', '2026-04-14 19:36:10.88334+00'), (3, 2, 'Painel', '2026-04-14 19:36:26.336908+00'), (4, 2, 'Créditos', '2026-04-14 19:36:33.994591+00'), (5, 2, 'Débitos', '2026-04-14 19:36:41.028866+00'), (6, 2, 'Pedidos', '2026-04-14 19:36:51.005847+00'), (7, 2, 'Simulador', '2026-04-14 19:36:57.676114+00'), (8, 3, 'Recuperação PIS/COFINS', '2026-04-14 19:37:11.985334+00');

-- ============================================================
-- Tabela sys_cron_execucoes
-- ============================================================
create table public.sys_cron_execucoes (
  id serial not null,
  nome_job text not null,
  executado_em timestamp with time zone not null default now(),
  status text not null,
  registros_processados integer null default 0,
  erro text null,
  duracao_ms integer null,
  sucesso boolean not null,
  constraint cron_execucoes_pkey primary key (id)
) TABLESPACE pg_default;

create index IF not exists idx_cron_execucoes_job on public.sys_cron_execucoes using btree (nome_job, executado_em desc) TABLESPACE pg_default;

create index IF not exists idx_cron_execucoes_data on public.sys_cron_execucoes using btree (executado_em desc) TABLESPACE pg_default;

-- ============================================================
-- Tabela adm_clientes
-- ============================================================
create table public.adm_clientes (
  id serial not null,
  cnpj text not null,
  razao_social text not null,
  nome_fantasia text null,
  inscricao_estadual text null,
  matriz character(1) not null default 'S'::bpchar,
  regime_tributario text not null default 'Lucro Real'::text,
  endereco text null,
  numero text null,
  complemento text null,
  bairro text null,
  municipio text null,
  uf character(2) null,
  cep text null,
  ativo integer not null default 1,
  criado_em timestamp with time zone not null default now(),
  atualizado_em timestamp with time zone not null default now(),
  constraint clientes_pkey primary key (id),
  constraint clientes_cnpj_key unique (cnpj),
  constraint clientes_ativo_check check ((ativo = any (array[1, 0]))),
  constraint clientes_matriz_check check ((matriz = any (array['S'::bpchar, 'N'::bpchar]))),
  constraint clientes_regime_tributario_check check (
    (
      regime_tributario = any (
        array[
          'Simples Nacional'::text,
          'Lucro Presumido'::text,
          'Lucro Real'::text
        ]
      )
    )
  )
) TABLESPACE pg_default;

-- ============================================================
-- Tabela adm_contrato
-- ============================================================
create table public.adm_contrato (
  id serial not null,
  cliente_id integer not null,
  criado_em timestamp with time zone not null default now(),
  atualizado_em timestamp with time zone null,
  excluido_em timestamp with time zone null,
  dt_emissao timestamp with time zone null,
  dt_assinatura timestamp with time zone null,
  contrato_assinado bytea null,
  constraint contrato_pkey primary key (id),
  constraint contrato_cliente_id_fkey foreign KEY (cliente_id) references adm_clientes (id)
) TABLESPACE pg_default;

create index IF not exists idx_contrato_usuario on public.adm_contrato using btree (cliente_id) TABLESPACE pg_default;

-- ============================================================
-- Tabela adm_perfil
-- ============================================================
create table public.adm_perfil (
  id serial not null,
  perfil text not null,
  adm_mindtax boolean null default false,
  cliente_id integer null,
  created_at timestamp with time zone null default now(),
  excluded_at timestamp with time zone null,
  constraint perfil_pkey primary key (id),
  constraint perfil_perfil_key unique (perfil),
  constraint adm_perfil_cliente_id_fkey foreign KEY (cliente_id) references adm_clientes (id)
) TABLESPACE pg_default;

INSERT INTO "public"."adm_perfil" ("id", "perfil", "adm_mindtax", "cliente_id", "created_at", "excluded_at") VALUES (1, 'AdministradorSistema', true, null, '2026-04-15 01:35:43.923984+00', null), (2, 'Administrador', false, null, '2026-04-15 01:35:43.923984+00', null), (3, 'PerdComp', false, null, '2026-04-15 12:22:09.929348+00', null);

-- ============================================================
-- Tabela adm_perfil_permissao
-- ============================================================
create table public.adm_perfil_permissao (
  id bigint generated by default as identity not null,
  created_at timestamp with time zone not null default now(),
  perfil_id integer not null,
  inserir boolean not null default true,
  excluir boolean not null default true,
  consultar boolean not null default true,
  alterar boolean not null default true,
  excluded_at timestamp with time zone null,
  funcionalidade_id bigint not null,
  constraint adm_perfil_permissao_pkey primary key (id),
  constraint adm_perfil_permissao_funcionalidade_id_fkey foreign KEY (funcionalidade_id) references sys_funcionalidade (id),
  constraint adm_perfil_permissao_perfil_id_fkey foreign KEY (perfil_id) references adm_perfil (id)
) TABLESPACE pg_default;

INSERT INTO "public"."adm_perfil_permissao" ("id", "created_at", "perfil_id", "inserir", "excluir", "consultar", "alterar", "excluded_at", "funcionalidade_id") VALUES (3, '2026-04-15 10:18:42.728579+00', 2, true, true, true, true, null, 1), (4, '2026-04-15 10:19:01.811352+00', 2, true, true, true, true, null, 2), (5, '2026-04-15 10:19:15.146151+00', 2, true, true, true, true, null, 8), (6, '2026-04-15 12:23:14.312081+00', 3, true, true, true, true, null, 3), (7, '2026-04-15 12:23:31.51944+00', 3, true, true, true, true, null, 4);

-- ============================================================
-- Tabela adm_usuarios
-- ============================================================
create table public.adm_usuarios (
  id serial not null,
  email text not null,
  cpf text null,
  nome text not null,
  senha text not null,
  criado timestamp with time zone not null default now(),
  dt_inativacao timestamp with time zone null,
  dt_nascimento date null,
  dt_ativacao timestamp with time zone null,
  ultimo_login timestamp with time zone null,
  tentativas_login smallint not null default 0,
  dt_bloqueio timestamp with time zone null,
  cliente_id integer null,
  status boolean not null default true,
  constraint usuarios_pkey primary key (id),
  constraint usuarios_cpf_key unique (cpf),
  constraint usuarios_email_key unique (email),
  constraint usuarios_clientes_fkey foreign KEY (cliente_id) references adm_clientes (id)
) TABLESPACE pg_default;

create index IF not exists idx_usuarios_email on public.adm_usuarios using btree (email) TABLESPACE pg_default;

create index IF not exists fki_usuarios_clientes_fkey on public.adm_usuarios using btree (cliente_id) TABLESPACE pg_default;

INSERT INTO "public"."adm_usuarios" ("id", "email", "cpf", "nome", "senha", "criado", "dt_inativacao", "dt_nascimento", "dt_ativacao", "ultimo_login", "tentativas_login", "dt_bloqueio", "cliente_id", "status") VALUES (3, 't.marocki@gmail.com', '00968082920', 'Thiago Luis Marocki', '$2b$10$VfsMmq6/bOP2isQLFYk1Eu/H0adf.x9mNpPUddQlFtjowu8ypbr8G', '2026-01-02 17:36:45.333+00', null, '1987-02-16', '2026-01-02 18:42:26.714+00', '2026-04-15 09:50:06.846+00', 0, null, null, true), (5, 'fabriciusoa@gmail.com', '00968082921', 'Fabricius Assis', '$2b$10$VfsMmq6/bOP2isQLFYk1Eu/H0adf.x9mNpPUddQlFtjowu8ypbr8G', '2026-01-02 17:36:45.333+00', null, '1987-02-16', '2026-01-02 18:42:26.714+00', '2026-04-14 01:03:53.225+00', 0, null, null, true), (6, 'matheusdorini@gmail.com', '00968082922', 'Matheus Dorini', '$2b$10$VfsMmq6/bOP2isQLFYk1Eu/H0adf.x9mNpPUddQlFtjowu8ypbr8G', '2026-01-02 17:36:45.333+00', null, '1987-02-16', '2026-01-02 18:42:26.714+00', '2026-04-14 01:03:53.225+00', 0, null, null, true);

-- ============================================================
-- Tabela adm_usuarios_perfil
-- ============================================================
create table public.adm_usuarios_perfil (
  id bigint generated by default as identity not null,
  created_at timestamp with time zone not null default now(),
  usuario_id integer not null,
  perfil_id integer not null,
  created_by integer not null,
  dt_inativacao timestamp with time zone null,
  updated_at timestamp with time zone not null default now(),
  updated_by integer not null,
  constraint adm_usuario_perfil_pkey primary key (id),
  constraint adm_usuario_perfil_created_by_fkey foreign KEY (created_by) references adm_usuarios (id),
  constraint adm_usuario_perfil_perfil_id_fkey foreign KEY (perfil_id) references adm_perfil (id),
  constraint adm_usuario_perfil_updated_by_fkey foreign KEY (updated_by) references adm_usuarios (id),
  constraint adm_usuario_perfil_updated_by_fkey1 foreign KEY (updated_by) references adm_usuarios (id),
  constraint adm_usuario_perfil_usuario_id_fkey foreign KEY (usuario_id) references adm_usuarios (id)
) TABLESPACE pg_default;

INSERT INTO "public"."adm_usuarios_perfil" ("id", "created_at", "usuario_id", "perfil_id", "created_by", "dt_inativacao", "updated_at", "updated_by") VALUES (3, '2026-04-15 10:44:58.481585+00', 3, 1, 3, null, '2026-04-15 10:44:54+00', 3), (4, '2026-04-15 10:45:48.014649+00', 5, 1, 3, null, '2026-04-15 10:45:48.014649+00', 3), (5, '2026-04-15 12:24:00.67402+00', 6, 3, 3, null, '2026-04-15 12:24:00.67402+00', 3);

-- ============================================================
-- Tabela adm_empresas
-- ============================================================
create table public.adm_empresas (
  id serial not null,
  usuario_responsavel_id integer not null,
  cliente_id integer not null,
  cnpj text not null,
  razao_social text not null,
  nome_fantasia text null,
  inscricao_estadual text null,
  matriz character(1) not null default 'S'::bpchar,
  regime_tributario text not null default 'Lucro Real'::text,
  endereco text null,
  numero text null,
  complemento text null,
  bairro text null,
  municipio text null,
  uf character(2) null,
  cep text null,
  ativo integer not null default 1,
  criado_em timestamp with time zone not null default now(),
  atualizado_em timestamp with time zone not null default now(),
  cnae integer null,
  inscricao_municipal text null,
  certificado_id integer null,
  constraint empresas_pkey primary key (id),
  constraint empresas_cnpj_key unique (cnpj),
  constraint empresas_usuario_responsavel_id_fkey foreign KEY (usuario_responsavel_id) references adm_usuarios (id),
  constraint empresas_cliente_id_fkey foreign KEY (cliente_id) references adm_clientes (id),
  constraint empresas_matriz_check check ((matriz = any (array['S'::bpchar, 'N'::bpchar]))),
  constraint empresas_ativo_check check ((ativo = any (array[1, 0]))),
  constraint empresas_regime_tributario_check check (
    (
      regime_tributario = any (
        array[
          'Simples Nacional'::text,
          'Lucro Presumido'::text,
          'Lucro Real'::text
        ]
      )
    )
  )
) TABLESPACE pg_default;

-- ============================================================
-- Tabela sys_chamado
-- ============================================================
create table public.sys_chamado (
  id serial not null,
  usuario_id integer not null,
  titulo text not null,
  descricao text null,
  categoria text null,
  prioridade text not null,
  status text not null,
  usuario_atribuido_id integer null,
  criado_em timestamp with time zone not null default now(),
  atualizado_em timestamp with time zone null,
  fechado_em timestamp with time zone null,
  constraint chamado_pkey primary key (id),
  constraint chamado_usuario_atribuido_id_fkey foreign KEY (usuario_atribuido_id) references adm_usuarios (id),
  constraint chamado_usuario_id_fkey foreign KEY (usuario_id) references adm_usuarios (id),
  constraint chk_chamado_prioridade check (
    (
      prioridade = any (
        array[
          'baixa'::text,
          'normal'::text,
          'alta'::text,
          'urgente'::text
        ]
      )
    )
  )
) TABLESPACE pg_default;

create index IF not exists idx_chamado_usuario on public.sys_chamado using btree (usuario_id, status) TABLESPACE pg_default;

create index IF not exists idx_chamado_atribuido on public.sys_chamado using btree (usuario_atribuido_id) TABLESPACE pg_default
where
  (usuario_atribuido_id is not null);

create index IF not exists idx_chamado_status on public.sys_chamado using btree (status) TABLESPACE pg_default;

-- ============================================================
-- Tabela sys_chamado_comentario
-- ============================================================
create table public.sys_chamado_comentario (
  id serial not null,
  chamado_id integer not null,
  usuario_id integer not null,
  comentario text not null,
  criado_em timestamp with time zone not null default now(),
  constraint chamado_comentario_pkey primary key (id),
  constraint chamado_comentario_id_chamado_fkey foreign KEY (chamado_id) references sys_chamado (id),
  constraint chamado_comentario_usuario_id_fkey foreign KEY (usuario_id) references adm_usuarios (id)
) TABLESPACE pg_default;

create index IF not exists idx_chamado_comentario_chamado on public.sys_chamado_comentario using btree (chamado_id) TABLESPACE pg_default;

-- ============================================================
-- Tabela sys_chamados_anexos
-- ============================================================
create table public.sys_chamados_anexos (
  id serial not null,
  chamado_comentario_id integer not null,
  anexo bytea null,
  anexo_thumbnail bytea null,
  nome_arquivo text not null,
  tipo_arquivo text null,
  tamanho_bytes integer null,
  constraint chamados_anexos_pkey primary key (id),
  constraint chamados_anexos_chamado_comentario_id_fkey foreign KEY (chamado_comentario_id) references sys_chamado_comentario (id),
  constraint chamados_anexos_tamanho_bytes_check check ((tamanho_bytes > 0))
) TABLESPACE pg_default;

create index IF not exists idx_chamados_anexos_comentario on public.sys_chamados_anexos using btree (chamado_comentario_id) TABLESPACE pg_default;

-- ============================================================
-- Tabela sys_email_templates
-- ============================================================
create table public.sys_email_templates (
  id serial not null,
  usuario_id integer not null,
  assunto_confirmacao text not null,
  template_texto_confirmacao text not null,
  assunto_lembrete text not null,
  template_texto_lembrete text not null,
  assinatura text not null,
  criado_em timestamp with time zone not null default now(),
  atualizado_em timestamp with time zone not null default now(),
  constraint email_templates_pkey primary key (id),
  constraint sys_email_templates_usuario_id_fkey foreign KEY (usuario_id) references adm_usuarios (id)
) TABLESPACE pg_default;

-- ============================================================
-- Tabela sys_login_log
-- ============================================================
create table public.sys_login_log (
  id serial not null,
  usuario_id integer null,
  email_tentativa text not null,
  sucesso boolean not null,
  ip_address inet null,
  user_agent text null,
  motivo_falha text null,
  timestamp timestamp with time zone not null default now(),
  constraint login_log_pkey primary key (id),
  constraint login_log_usuario_id_fkey foreign KEY (usuario_id) references adm_usuarios (id)
) TABLESPACE pg_default;

create index IF not exists idx_login_log_timestamp on public.sys_login_log using btree ("timestamp" desc) TABLESPACE pg_default;

create index IF not exists idx_login_log_usuario_id on public.sys_login_log using btree (usuario_id) TABLESPACE pg_default;

create index IF not exists idx_login_log_sucesso on public.sys_login_log using btree (sucesso) TABLESPACE pg_default;

-- ============================================================
-- Tabela sys_manutencao
-- ============================================================
create table public.sys_manutencao (
  id bigint generated by default as identity not null,
  created_at timestamp with time zone not null default now(),
  descricao text not null,
  dt_inicio timestamp with time zone not null,
  dt_fim timestamp with time zone null,
  status text not null default 'planejada'::text,
  excluded_at timestamp with time zone null,
  updated_at timestamp with time zone null default now(),
  usuario_id integer null,
  constraint sys_manutencao_pkey primary key (id),
  constraint sys_manutencao_usuario_id_fkey foreign KEY (usuario_id) references adm_usuarios (id)
) TABLESPACE pg_default;

-- ============================================================
-- FIM DO SCRIPT
-- ============================================================
commit;